{
  "Checkout" : {
    "transaction" : "Checkout",
    "sampleCount" : 50,
    "errorCount" : 0,
    "errorPct" : 0.0,
    "meanResTime" : 278.4199999999999,
    "medianResTime" : 271.5,
    "minResTime" : 128.0,
    "maxResTime" : 413.0,
    "pct1ResTime" : 397.5,
    "pct2ResTime" : 409.79999999999995,
    "pct3ResTime" : 413.0,
    "throughput" : 1.6555195020197337,
    "receivedKBytesPerSec" : 0.44608490331766104,
    "sentKBytesPerSec" : 0.6402204324216939
  },
  "Total" : {
    "transaction" : "Total",
    "sampleCount" : 200,
    "errorCount" : 0,
    "errorPct" : 0.0,
    "meanResTime" : 182.71999999999994,
    "medianResTime" : 172.0,
    "minResTime" : 54.0,
    "maxResTime" : 413.0,
    "pct1ResTime" : 304.30000000000007,
    "pct2ResTime" : 374.6499999999997,
    "pct3ResTime" : 411.96000000000004,
    "throughput" : 6.525285481239805,
    "receivedKBytesPerSec" : 1.9988147430668843,
    "sentKBytesPerSec" : 1.8416088907014683
  },
  "Shopping Cart" : {
    "transaction" : "Shopping Cart",
    "sampleCount" : 50,
    "errorCount" : 0,
    "errorPct" : 0.0,
    "meanResTime" : 165.01999999999992,
    "medianResTime" : 172.0,
    "minResTime" : 68.0,
    "maxResTime" : 263.0,
    "pct1ResTime" : 240.5,
    "pct2ResTime" : 257.25,
    "pct3ResTime" : 263.0,
    "throughput" : 1.6638381418255632,
    "receivedKBytesPerSec" : 0.4236937830687831,
    "sentKBytesPerSec" : 0.6369380386675985
  },
  "Login" : {
    "transaction" : "Login",
    "sampleCount" : 50,
    "errorCount" : 0,
    "errorPct" : 0.0,
    "meanResTime" : 150.85999999999999,
    "medianResTime" : 162.0,
    "minResTime" : 84.0,
    "maxResTime" : 205.0,
    "pct1ResTime" : 192.0,
    "pct2ResTime" : 195.0,
    "pct3ResTime" : 205.0,
    "throughput" : 1.6637274149003427,
    "receivedKBytesPerSec" : 0.6645161256779689,
    "sentKBytesPerSec" : 0.3915608466708814
  },
  "Get products" : {
    "transaction" : "Get products",
    "sampleCount" : 50,
    "errorCount" : 0,
    "errorPct" : 0.0,
    "meanResTime" : 136.58000000000004,
    "medianResTime" : 136.0,
    "minResTime" : 54.0,
    "maxResTime" : 203.0,
    "pct1ResTime" : 198.5,
    "pct2ResTime" : 202.0,
    "pct3ResTime" : 203.0,
    "throughput" : 1.6704530268608848,
    "receivedKBytesPerSec" : 0.5040722512695444,
    "sentKBytesPerSec" : 0.20717532657356677
  }
}